action,wasEverPublished,id,titleId,isbn,asin,pubStatus,pubDate,pubStatusDetail,coverImageUrl,scrapedIsArchived,scrapedSeriesTitle,title,subtitle,edition,seriesTitle,authorFirstName,authorLastName,illustratorFirstName,illustratorLastName,description,category1,category2,newCategory1,newCategory2,newCategory3,keyword0,keyword1,keyword2,keyword3,keyword4,keyword5,keyword6,paperColor,paperTrim,paperBleed,paperCoverFinish,manuscriptLocalFile,coverLocalFile,language,primaryMarketplace,priceUsd
book-metadata,FALSE,,,,,,,,,,,The Great Fairies Coloring Book Of Aaila,50 Different A4 Designs With Your Name,1,The Great Personalized Fairies Coloring Books,Dror,Yahav,Miya,Barak,"A Personalized Fairies Coloring Book with 50 Unique Designs

Product Description:

Step into a whimsical world of wonder with your name inside. A personalized fairies coloring book featuring 50 captivating designs, each one tailor-made with your name in it. Designed to ignite the imagination and promote relaxation, this coloring book is perfect for fairy enthusiasts of all ages!

üåüPersonalized Experience
Each coloring page is crafted with care and has a specific name subtly integrated into the design. Whether the name is etched onto a toadstool, woven into a fairy's wings, or sprinkled among a starry night sky, every page is a new adventure personalized just for you.

üßö‚Äç‚ôÄÔ∏èDiverse Fairy Designs
Delight in 50 unique illustrations of fairies in various poses and settings‚Äîfrom magical forests and shimmering ponds to mystical castles and enchanting gardens. Each fairy is distinct, showcasing different hairstyles, outfits, and magical elements, ensuring that no two fairies are alike.
each page is perfect for colored pencils, markers, or watercolors. The pages are one-sided to prevent bleed-through and make it easy to display your finished masterpieces.

üé®Artistic Freedom
Whether you're a beginner or an experienced artist, the varying levels of intricacy in the designs offer a fun and challenging experience. The book includes a blend of simpler drawings for quick coloring sessions and more detailed designs for hours of intricate enjoyment.

üåàEnhance Your Creativity
Let your imagination soar as you bring these magical beings to life with bursts of color. Mix and match shades to create your own unique fairy tale world.

üéÅ Perfect Gift
Looking for a personalized gift for a fairy-loving friend or family member?
This coloring book makes for an ideal gift for birthdays, holidays, or just because!

Unlock the magic within these pages and embark on an unforgettable coloring journey with our fairies.

",8883822011,8883823011,8883822011,8883823011,,Coloring book,Fairies,A4 coloring book,Personalized,Name Coloring Book,Personalized Gift,Aaila,black-and-white,A4,yes,glossy,interior.pdf,cover.pdf,english,us,12.9+